date,bitly,source,tags,clicks
2022-05-27,bit.ly/LA-GoldenChange,http://partners.bit.ly/qr,LA_PMT,2.0
2022-05-27,bit.ly/LA-GoldenChange-es,http://partners.bit.ly/qr,LA_PMT,1.0
2022-05-27,bit.ly/LA-DREF,direct,LA_PMT,7.0
2022-05-27,bit.ly/LA-DREF,https://l.facebook.com/,LA_PMT,3.0
2022-05-27,bit.ly/LA-DREF,http://partners.bit.ly/qr,LA_PMT,1.0
2022-05-27,bit.ly/togetherAoU,https://l.facebook.com/,,1.0
2022-05-28,bit.ly/togetherDMV,https://nphchq.com/,DV Target Markets,1.0
2022-05-29,bit.ly/exploreAoU,http://partners.bit.ly/qr,Researcher,1.0
2022-05-29,bit.ly/PrideNet_PMT,http://partners.bit.ly/qr,NY_PMT,1.0
2022-05-29,bit.ly/Unidos_PMT,http://partners.bit.ly/qr,pmt / NY_PMT,1.0
2022-05-29,bit.ly/NHMA_PMT,http://partners.bit.ly/qr,NY_PMT,1.0
2022-05-29,bit.ly/PMT_NAHN,http://partners.bit.ly/qr,NY_PMT / pmt,2.0
2022-05-29,bit.ly/LGBTQI_PMT,http://partners.bit.ly/qr,NY_PMT,2.0
2022-05-29,bit.ly/NBNA_PMT,http://partners.bit.ly/qr,pmt / NY_PMT,1.0
2022-05-29,bit.ly/LULAC_PMT,http://partners.bit.ly/qr,NY_PMT,1.0
2022-05-29,bit.ly/AACN_PMT,http://partners.bit.ly/qr,pmt / NY_PMT,1.0
2022-05-29,bit.ly/BGLC_PMT,http://partners.bit.ly/qr,pmt / NY_PMT,1.0
2022-05-29,bit.ly/NAHN_PMT,http://partners.bit.ly/qr,Detroit_PMT,1.0
2022-05-29,bit.ly/LGBTDetroit_PMT,http://partners.bit.ly/qr,Detroit_PMT,1.0
2022-05-29,bit.ly/BWHI_PMT,http://partners.bit.ly/qr,Detroit_PMT,1.0
2022-05-29,bit.ly/AFP-PMT,http://partners.bit.ly/qr,Detroit_PMT,2.0
2022-05-29,bit.ly/Cobb_PMT,http://partners.bit.ly/qr,Detroit_PMT / pmt,1.0
2022-05-29,bit.ly/DREF_PMT,http://partners.bit.ly/qr,Detroit_PMT,2.0
2022-05-29,bit.ly/LA-GoldenChange-es,http://m.facebook.com/,LA_PMT,1.0
2022-05-29,bit.ly/AoUTodosjuntos,direct,CPGI Netowrk,1.0
2022-05-30,bit.ly/LA-Xavier,http://partners.bit.ly/qr,LA_PMT,1.0
2022-05-31,bit.ly/LA-GoldenChange,http://partners.bit.ly/qr,LA_PMT,1.0
2022-05-31,bit.ly/togetherDMV,https://nphchq.com/,DV Target Markets,1.0
2022-05-31,bit.ly/LGBTQI_PMT,direct,NY_PMT,1.0
2022-05-31,bit.ly/LGBTDetroit_PMT,direct,Detroit_PMT,1.0
2022-05-31,bit.ly/LGBTDetroit_PMT,android-app://com.google.android.googlequicksearchbox/,Detroit_PMT,1.0
2022-05-31,bit.ly/LA-GoldenChange-es,http://partners.bit.ly/qr,LA_PMT,1.0
2022-05-31,bit.ly/LA-GoldenChange-es,http://m.facebook.com,LA_PMT,1.0
2022-06-02,bit.ly/LA-GoldenChange,http://partners.bit.ly/qr,LA_PMT,2.0
2022-06-02,bit.ly/togetherDMV,https://nphchq.com/,DV Target Markets,1.0
2022-06-02,bit.ly/togetherSHV,http://partners.bit.ly/qr,LRC,5.0
2022-06-02,bit.ly/LA-GoldenChange-es,http://partners.bit.ly/qr,LA_PMT,2.0
2022-06-02,bit.ly/togetherAoU,direct,,1.0
2022-06-03,bit.ly/togetherDMV,https://nphchq.com/,DV Target Markets,1.0
2022-06-03,bit.ly/LGBTQI_PMT,direct,NY_PMT,1.0
2022-06-03,bit.ly/togetherAoU,http://partners.bit.ly/qr,,1.0
2022-06-04,bit.ly/togetherDMV,https://nphchq.com/,DV Target Markets,1.0
2022-06-04,bit.ly/togetherDTX,direct,HPO Target Market,1.0
2022-06-04,bit.ly/togetherNOLA,direct,LRC,1.0
2022-06-04,bit.ly/LA-GoldenChange-es,http://partners.bit.ly/qr,LA_PMT,1.0
2022-06-04,bit.ly/LA-Dillard,http://partners.bit.ly/qr,LA_PMT,1.0
2022-06-05,bit.ly/LA-GoldenChange,http://partners.bit.ly/qr,LA_PMT,2.0
2022-06-05,bit.ly/togetherDTX,direct,HPO Target Market,1.0
2022-06-05,bit.ly/LA-Dillard,http://partners.bit.ly/qr,LA_PMT,1.0
2022-06-06,bit.ly/LA-GoldenChange,http://partners.bit.ly/qr,LA_PMT,1.0
2022-06-06,bit.ly/togetherDMV,https://nphchq.com/,DV Target Markets,1.0
2022-06-06,bit.ly/togetherNOLA,https://t.co/,LRC,3.0
2022-06-06,bit.ly/LA-GoldenChange-es,http://partners.bit.ly/qr,LA_PMT,1.0
2022-06-06,bit.ly/LA-Xavier,http://partners.bit.ly/qr,LA_PMT,1.0
2022-06-07,bit.ly/togetherDMV,https://nphchq.com/,DV Target Markets,4.0
2022-06-07,bit.ly/LA-GoldenChange-es,http://partners.bit.ly/qr,LA_PMT,1.0
2022-06-08,bit.ly/LA-GoldenChange,http://partners.bit.ly/qr,LA_PMT,2.0
2022-06-08,bit.ly/togetherDMV,https://nphchq.com/,DV Target Markets,2.0
2022-06-08,bit.ly/togetherDTX,https://nphchq.com/,HPO Target Market,1.0
2022-06-08,bit.ly/LA-GoldenChange-es,http://partners.bit.ly/qr,LA_PMT,4.0
2022-06-08,bit.ly/LA-GoldenChange-es,android-app://com.google.android.googlequicksearchbox/,LA_PMT,1.0
2022-06-08,bit.ly/LA-Dillard,http://partners.bit.ly/qr,LA_PMT,6.0
2022-06-08,bit.ly/LA-Xavier,http://partners.bit.ly/qr,LA_PMT,2.0
2022-06-09,bit.ly/LA-GoldenChange,http://partners.bit.ly/qr,LA_PMT,3.0
2022-06-09,bit.ly/LA-GoldenChange,direct,LA_PMT,1.0
2022-06-09,bit.ly/NAHH_PMT,direct,NY_PMT,1.0
2022-06-09,bit.ly/Unidos_PMT,direct,pmt / NY_PMT,1.0
2022-06-09,bit.ly/BGLC_PMT,direct,pmt / NY_PMT,1.0
2022-06-09,bit.ly/NAHN_PMT,direct,Detroit_PMT,2.0
2022-06-09,bit.ly/AFP-PMT,direct,Detroit_PMT,1.0
2022-06-09,bit.ly/DREF_PMT,direct,Detroit_PMT,1.0
2022-06-09,bit.ly/LA-GoldenChange-es,http://partners.bit.ly/qr,LA_PMT,4.0
2022-06-10,bit.ly/LA-GoldenChange,http://partners.bit.ly/qr,LA_PMT,1.0
2022-06-10,bit.ly/togetherATL,https://www.rootedinresilience.co/,,1.0
2022-06-10,bit.ly/PrideNet_PMT,direct,NY_PMT,1.0
2022-06-10,bit.ly/AHC_PMT,direct,NY_PMT,2.0
2022-06-10,bit.ly/Unidos_PMT,direct,pmt / NY_PMT,1.0
2022-06-10,bit.ly/LGBTQI_PMT,direct,NY_PMT,1.0
2022-06-10,bit.ly/LA-GoldenChange-es,http://partners.bit.ly/qr,LA_PMT,1.0
2022-06-10,bit.ly/LA-NOCOA,direct,LA_PMT,1.0
2022-06-10,bit.ly/LA-SUNO,direct,LA_PMT,1.0
2022-06-11,bit.ly/togetherDMV,direct,DV Target Markets,1.0
2022-06-12,bit.ly/togetherDMV,https://nphchq.com/,DV Target Markets,1.0
2022-06-12,bit.ly/togetherNOLA,direct,LRC,2.0
2022-06-13,bit.ly/togetherDTX,direct,HPO Target Market,11.0
2022-06-13,bit.ly/togetherAoU,https://ms-my.facebook.com/,,1.0
2022-06-14,bit.ly/LA-GoldenChange,http://partners.bit.ly/qr,LA_PMT,1.0
2022-06-14,bit.ly/togetherDMV,https://nphchq.com/,DV Target Markets,4.0
2022-06-14,bit.ly/togetherDTX,direct,HPO Target Market,13.0
2022-06-14,bit.ly/LGBTDetroit_PMT,https://lm.facebook.com/,Detroit_PMT,1.0
2022-04-06,bit.ly/LA-GoldenChange,http://partners.bit.ly/qr,LA_PMT,1
2022-04-06,bit.ly/LA-GoldenChange,direct,LA_PMT,1
2022-04-08,bit.ly/LA-GoldenChange,direct,LA_PMT,1
2022-04-12,bit.ly/LA-GoldenChange,http://partners.bit.ly/qr,LA_PMT,1
2022-04-14,bit.ly/LA-GoldenChange,http://partners.bit.ly/qr,LA_PMT,1
2022-04-19,bit.ly/LA-GoldenChange,http://partners.bit.ly/qr,LA_PMT,1
2022-04-28,bit.ly/LA-GoldenChange,http://partners.bit.ly/qr,LA_PMT,3
2022-05-10,bit.ly/LA-GoldenChange,http://partners.bit.ly/qr,LA_PMT,2
2022-05-16,bit.ly/LA-GoldenChange,http://partners.bit.ly/qr,LA_PMT,2
2022-05-17,bit.ly/LA-GoldenChange,http://partners.bit.ly/qr,LA_PMT,1
2022-05-18,bit.ly/LA-GoldenChange,http://partners.bit.ly/qr,LA_PMT,1
2022-05-19,bit.ly/LA-GoldenChange,http://partners.bit.ly/qr,LA_PMT,2
2022-05-20,bit.ly/LA-GoldenChange,http://partners.bit.ly/qr,LA_PMT,1
2022-05-21,bit.ly/LA-GoldenChange,http://m.facebook.com,LA_PMT,1
2022-05-23,bit.ly/LA-GoldenChange,http://partners.bit.ly/qr,LA_PMT,1
2022-05-24,bit.ly/LA-GoldenChange,http://partners.bit.ly/qr,LA_PMT,3
2022-05-25,bit.ly/LA-GoldenChange,http://partners.bit.ly/qr,LA_PMT,1
2022-04-01,bit.ly/togetherDMV,https://nphchq.com/,DV Target Markets,1
2022-04-01,bit.ly/togetherDMV,http://partners.bit.ly/qr,DV Target Markets,1
2022-04-01,bit.ly/togetherDMV,direct,DV Target Markets,1
2022-04-02,bit.ly/togetherDMV,https://nphchq.com/,DV Target Markets,1
2022-04-04,bit.ly/togetherDMV,https://nphchq.com/,DV Target Markets,1
2022-04-05,bit.ly/togetherDMV,http://partners.bit.ly/qr,DV Target Markets,4
2022-04-05,bit.ly/togetherDMV,https://nphchq.com/,DV Target Markets,2
2022-04-06,bit.ly/togetherDMV,https://www.rootedinresilience.co/,DV Target Markets,1
2022-04-06,bit.ly/togetherDMV,direct,DV Target Markets,1
2022-04-07,bit.ly/togetherDMV,direct,DV Target Markets,3
2022-04-07,bit.ly/togetherDMV,https://nphchq.com/,DV Target Markets,1
2022-04-08,bit.ly/togetherDMV,https://nphchq.com/,DV Target Markets,4
2022-04-10,bit.ly/togetherDMV,https://nphchq.com/,DV Target Markets,3
2022-04-11,bit.ly/togetherDMV,https://nphchq.com/,DV Target Markets,1
2022-04-11,bit.ly/togetherDMV,http://partners.bit.ly/qr,DV Target Markets,1
2022-04-12,bit.ly/togetherDMV,https://nphchq.com/,DV Target Markets,1
2022-04-12,bit.ly/togetherDMV,http://partners.bit.ly/qr,DV Target Markets,1
2022-04-13,bit.ly/togetherDMV,https://nphchq.com/,DV Target Markets,3
2022-04-13,bit.ly/togetherDMV,direct,DV Target Markets,1
2022-04-14,bit.ly/togetherDMV,https://nphchq.com/,DV Target Markets,2
2022-04-14,bit.ly/togetherDMV,direct,DV Target Markets,2
2022-04-16,bit.ly/togetherDMV,https://nphchq.com/millennium1/,DV Target Markets,1
2022-04-16,bit.ly/togetherDMV,https://nphchq.com/,DV Target Markets,1
2022-04-17,bit.ly/togetherDMV,direct,DV Target Markets,1
2022-04-18,bit.ly/togetherDMV,direct,DV Target Markets,3
2022-04-18,bit.ly/togetherDMV,https://nphchq.com/,DV Target Markets,2
2022-04-19,bit.ly/togetherDMV,https://nphchq.com/,DV Target Markets,1
2022-04-20,bit.ly/togetherDMV,direct,DV Target Markets,28
2022-04-21,bit.ly/togetherDMV,https://nphchq.com/,DV Target Markets,1
2022-04-22,bit.ly/togetherDMV,https://nphchq.com/,DV Target Markets,1
2022-04-22,bit.ly/togetherDMV,direct,DV Target Markets,1
2022-04-23,bit.ly/togetherDMV,direct,DV Target Markets,14
2022-04-23,bit.ly/togetherDMV,https://nphchq.com/,DV Target Markets,3
2022-04-24,bit.ly/togetherDMV,https://www.rootedinresilience.co/,DV Target Markets,1
2022-04-24,bit.ly/togetherDMV,https://nphchq.com/,DV Target Markets,1
2022-04-25,bit.ly/togetherDMV,https://nphchq.com/,DV Target Markets,3
2022-04-26,bit.ly/togetherDMV,https://nphchq.com/,DV Target Markets,3
2022-04-26,bit.ly/togetherDMV,direct,DV Target Markets,2
2022-04-27,bit.ly/togetherDMV,https://nphchq.com/,DV Target Markets,3
2022-04-28,bit.ly/togetherDMV,https://nphchq.com/,DV Target Markets,1
2022-04-29,bit.ly/togetherDMV,https://nphchq.com/,DV Target Markets,2
2022-04-29,bit.ly/togetherDMV,http://partners.bit.ly/qr,DV Target Markets,1
2022-04-30,bit.ly/togetherDMV,direct,DV Target Markets,1
2022-05-01,bit.ly/togetherDMV,https://nphchq.com/,DV Target Markets,1
2022-05-01,bit.ly/togetherDMV,http://partners.bit.ly/qr,DV Target Markets,1
2022-05-02,bit.ly/togetherDMV,https://nphchq.com/,DV Target Markets,2
2022-05-02,bit.ly/togetherDMV,direct,DV Target Markets,1
2022-05-03,bit.ly/togetherDMV,https://nphchq.com/,DV Target Markets,4
2022-05-03,bit.ly/togetherDMV,direct,DV Target Markets,2
2022-05-04,bit.ly/togetherDMV,https://nphchq.com/,DV Target Markets,1
2022-05-05,bit.ly/togetherDMV,https://nphchq.com/,DV Target Markets,1
2022-05-05,bit.ly/togetherDMV,http://partners.bit.ly/qr,DV Target Markets,1
2022-05-06,bit.ly/togetherDMV,https://www.rootedinresilience.co/,DV Target Markets,1
2022-05-06,bit.ly/togetherDMV,http://partners.bit.ly/qr,DV Target Markets,1
2022-05-07,bit.ly/togetherDMV,https://nphchq.com/,DV Target Markets,2
2022-05-09,bit.ly/togetherDMV,https://nphchq.com/,DV Target Markets,2
2022-05-09,bit.ly/togetherDMV,https://www.rootedinresilience.co/,DV Target Markets,1
2022-05-10,bit.ly/togetherDMV,https://nphchq.com/,DV Target Markets,1
2022-05-12,bit.ly/togetherDMV,https://nphchq.com/,DV Target Markets,1
2022-05-13,bit.ly/togetherDMV,https://nphchq.com/,DV Target Markets,2
2022-05-15,bit.ly/togetherDMV,https://nphchq.com/,DV Target Markets,1
2022-05-16,bit.ly/togetherDMV,https://nphchq.com/,DV Target Markets,4
2022-05-16,bit.ly/togetherDMV,http://partners.bit.ly/qr,DV Target Markets,2
2022-05-17,bit.ly/togetherDMV,direct,DV Target Markets,2
2022-05-17,bit.ly/togetherDMV,https://nphchq.com/millennium1/,DV Target Markets,1
2022-05-17,bit.ly/togetherDMV,https://nphchq.com/,DV Target Markets,1
2022-06-14,bit.ly/LA-NOCOA,direct,LA_PMT,1.0
2022-05-18,bit.ly/togetherDMV,https://nphchq.com/,DV Target Markets,3
2022-05-19,bit.ly/togetherDMV,https://nphchq.com/,DV Target Markets,1
2022-05-20,bit.ly/togetherDMV,https://nphchq.com/,DV Target Markets,2
2022-05-22,bit.ly/togetherDMV,https://nphchq.com/,DV Target Markets,1
2022-05-24,bit.ly/togetherDMV,https://nphchq.com/,DV Target Markets,2
2022-05-26,bit.ly/togetherDMV,https://nphchq.com/,DV Target Markets,1
2022-05-09,bit.ly/PMT_DREF,direct,pmt / NY_PMT,2
2022-04-01,bit.ly/togetherBOS,http://partners.bit.ly/qr,HPO Target Market,1
2022-04-05,bit.ly/togetherBOS,http://partners.bit.ly/qr,HPO Target Market,3
2022-04-12,bit.ly/togetherBOS,http://partners.bit.ly/qr,HPO Target Market,1
2022-05-06,bit.ly/togetherBOS,direct,HPO Target Market,2
2022-05-06,bit.ly/togetherBOS,http://partners.bit.ly/qr,HPO Target Market,1
2022-05-23,bit.ly/togetherBOS,direct,HPO Target Market,1
2022-05-25,bit.ly/togetherBOS,direct,HPO Target Market,1
2022-04-01,bit.ly/togetherMIA,http://partners.bit.ly/qr,HPO Target Market,1
2022-04-05,bit.ly/togetherMIA,http://partners.bit.ly/qr,HPO Target Market,3
2022-04-12,bit.ly/togetherMIA,http://partners.bit.ly/qr,HPO Target Market,1
2022-04-26,bit.ly/togetherMIA,direct,HPO Target Market,1
2022-05-06,bit.ly/togetherMIA,direct,HPO Target Market,2
2022-05-06,bit.ly/togetherMIA,http://partners.bit.ly/qr,HPO Target Market,1
2022-04-16,bit.ly/togetherATL,https://www.rootedinresilience.co/,"",1
2022-04-19,bit.ly/togetherATL,https://www.rootedinresilience.co/,"",1
2022-04-19,bit.ly/togetherATL,direct,"",1
2022-04-20,bit.ly/togetherATL,https://www.rootedinresilience.co/,"",4
2022-04-20,bit.ly/togetherATL,https://www.google.com/,"",1
2022-04-21,bit.ly/togetherATL,https://www.rootedinresilience.co/,"",7
2022-04-21,bit.ly/togetherATL,https://www.rootedinresilience.co/atlanta-ga,"",1
2022-04-21,bit.ly/togetherATL,direct,"",1
2022-04-22,bit.ly/togetherATL,https://www.rootedinresilience.co/,"",3
2022-04-22,bit.ly/togetherATL,direct,"",2
2022-04-22,bit.ly/togetherATL,https://www.google.com/,"",1
2022-04-22,bit.ly/togetherATL,http://partners.bit.ly/qr,"",1
2022-04-23,bit.ly/togetherATL,https://www.rootedinresilience.co/,"",4
2022-04-23,bit.ly/togetherATL,http://partners.bit.ly/qr,"",2
2022-04-24,bit.ly/togetherATL,https://www.rootedinresilience.co/,"",1
2022-04-26,bit.ly/togetherATL,https://www.rootedinresilience.co/,"",1
2022-04-26,bit.ly/togetherATL,direct,"",1
2022-04-28,bit.ly/togetherATL,https://www.google.com/,"",1
2022-05-01,bit.ly/togetherATL,https://www.rootedinresilience.co/,"",1
2022-05-06,bit.ly/togetherATL,http://partners.bit.ly/qr,"",1
2022-05-06,bit.ly/togetherATL,direct,"",1
2022-05-10,bit.ly/togetherATL,https://www.rootedinresilience.co/,"",1
2022-05-11,bit.ly/togetherATL,direct,"",1
2022-05-12,bit.ly/togetherATL,direct,"",1
2022-05-17,bit.ly/togetherATL,https://www.google.com/,"",1
2022-04-29,bit.ly/togetherCHI,direct,"",3
2022-05-06,bit.ly/togetherCHI,http://partners.bit.ly/qr,"",1
2022-05-06,bit.ly/togetherCHI,direct,"",1
2022-05-10,bit.ly/togetherCHI,direct,"",1
2022-04-01,bit.ly/togetherDTX,https://nphchq.com/,HPO Target Market,1
2022-04-01,bit.ly/togetherDTX,http://partners.bit.ly/qr,HPO Target Market,1
2022-04-05,bit.ly/togetherDTX,http://partners.bit.ly/qr,HPO Target Market,3
2022-04-06,bit.ly/togetherDTX,https://nphchq.com/,HPO Target Market,1
2022-04-06,bit.ly/togetherDTX,direct,HPO Target Market,1
2022-04-08,bit.ly/togetherDTX,https://nphchq.com/,HPO Target Market,1
2022-04-12,bit.ly/togetherDTX,https://nphchq.com/,HPO Target Market,1
2022-04-12,bit.ly/togetherDTX,http://partners.bit.ly/qr,HPO Target Market,1
2022-04-20,bit.ly/togetherDTX,direct,HPO Target Market,2
2022-04-20,bit.ly/togetherDTX,https://nphchq.com/,HPO Target Market,1
2022-04-24,bit.ly/togetherDTX,https://nphchq.com/,HPO Target Market,1
2022-04-24,bit.ly/togetherDTX,direct,HPO Target Market,1
2022-04-25,bit.ly/togetherDTX,https://nphchq.com/,HPO Target Market,1
2022-05-06,bit.ly/togetherDTX,http://partners.bit.ly/qr,HPO Target Market,1
2022-05-06,bit.ly/togetherDTX,direct,HPO Target Market,1
2022-05-23,bit.ly/togetherDTX,direct,HPO Target Market,4
2022-04-01,bit.ly/togetherDTM,http://partners.bit.ly/qr,HPO Target Market,1
2022-04-05,bit.ly/togetherDTM,http://partners.bit.ly/qr,HPO Target Market,3
2022-04-12,bit.ly/togetherDTM,https://l.instagram.com/,HPO Target Market,5
2022-04-12,bit.ly/togetherDTM,direct,HPO Target Market,3
2022-04-12,bit.ly/togetherDTM,http://partners.bit.ly/qr,HPO Target Market,1
2022-04-13,bit.ly/togetherDTM,https://l.instagram.com/,HPO Target Market,3
2022-04-18,bit.ly/togetherDTM,https://t.co/,HPO Target Market,2
2022-04-18,bit.ly/togetherDTM,direct,HPO Target Market,1
2022-04-19,bit.ly/togetherDTM,https://t.co/,HPO Target Market,4
2022-04-19,bit.ly/togetherDTM,direct,HPO Target Market,1
2022-04-29,bit.ly/togetherDTM,direct,HPO Target Market,1
2022-05-06,bit.ly/togetherDTM,http://partners.bit.ly/qr,HPO Target Market,1
2022-05-10,bit.ly/togetherDTM,direct,HPO Target Market,1
2022-05-11,bit.ly/togetherDTM,direct,HPO Target Market,1
2022-04-01,bit.ly/togetherNY,http://partners.bit.ly/qr,HPO Target Market,1
2022-04-05,bit.ly/togetherNY,http://partners.bit.ly/qr,HPO Target Market,1
2022-04-25,bit.ly/togetherNY,direct,HPO Target Market,1
2022-05-09,bit.ly/togetherNY,direct,HPO Target Market,2
2022-05-10,bit.ly/togetherNY,direct,HPO Target Market,1
2022-04-01,bit.ly/togetherWI,http://partners.bit.ly/qr,HPO Target Market,1
2022-04-05,bit.ly/togetherWI,http://partners.bit.ly/qr,HPO Target Market,1
2022-05-10,bit.ly/togetherWI,direct,HPO Target Market,1
2022-04-12,bit.ly/juntosATL,http://partners.bit.ly/qr,HPO Target Market,1
2022-05-06,bit.ly/juntosATL,http://partners.bit.ly/qr,HPO Target Market,1
2022-04-12,bit.ly/juntosBOS,http://partners.bit.ly/qr,HPO Target Market,1
2022-05-06,bit.ly/juntosBOS,http://partners.bit.ly/qr,HPO Target Market,1
2022-05-23,bit.ly/juntosBOS,direct,HPO Target Market,2
2022-04-12,bit.ly/juntosCHI,http://partners.bit.ly/qr,HPO Target Market,1
2022-05-06,bit.ly/juntosCHI,http://partners.bit.ly/qr,HPO Target Market,1
2022-04-12,bit.ly/juntosDTX,http://partners.bit.ly/qr,HPO Target Market,1
2022-05-06,bit.ly/juntosDTX,http://partners.bit.ly/qr,HPO Target Market,1
2022-04-12,bit.ly/juntosDTM,http://partners.bit.ly/qr,HPO Target Market / Detroit,1
2022-05-06,bit.ly/juntosDTM,direct,HPO Target Market / Detroit,3
2022-05-06,bit.ly/juntosDTM,http://partners.bit.ly/qr,HPO Target Market / Detroit,1
2022-04-12,bit.ly/juntosMIA,http://partners.bit.ly/qr,HPO Target Market,1
2022-04-26,bit.ly/juntosMIA,direct,HPO Target Market,1
2022-05-06,bit.ly/juntosMIA,http://partners.bit.ly/qr,HPO Target Market,1
2022-04-05,bit.ly/juntosNY,http://partners.bit.ly/qr,HPO Target Market,1
2022-04-12,bit.ly/juntosNY,http://partners.bit.ly/qr,HPO Target Market,1
2022-05-06,bit.ly/juntosNY,http://partners.bit.ly/qr,HPO Target Market,1
2022-05-09,bit.ly/juntosNY,direct,HPO Target Market,2
2022-04-12,bit.ly/juntosWI,http://partners.bit.ly/qr,"",1
2022-05-06,bit.ly/juntosWI,http://partners.bit.ly/qr,"",1
2022-04-01,bit.ly/togetherDEN,http://partners.bit.ly/qr,DV Target Markets,1
2022-04-05,bit.ly/togetherDEN,http://partners.bit.ly/qr,DV Target Markets,4
2022-04-11,bit.ly/togetherDEN,http://partners.bit.ly/qr,DV Target Markets,1
2022-04-12,bit.ly/togetherDEN,http://partners.bit.ly/qr,DV Target Markets,1
2022-04-28,bit.ly/togetherDEN,http://partners.bit.ly/qr,DV Target Markets,1
2022-05-05,bit.ly/togetherDEN,http://partners.bit.ly/qr,DV Target Markets,1
2022-05-06,bit.ly/togetherDEN,http://partners.bit.ly/qr,DV Target Markets,1
2022-05-09,bit.ly/togetherDEN,http://partners.bit.ly/qr,DV Target Markets,1
2022-05-12,bit.ly/togetherDEN,http://partners.bit.ly/qr,DV Target Markets,1
2022-05-16,bit.ly/togetherDEN,http://partners.bit.ly/qr,DV Target Markets,3
2022-05-17,bit.ly/togetherDEN,http://partners.bit.ly/qr,DV Target Markets,1
2022-05-18,bit.ly/togetherDEN,http://partners.bit.ly/qr,DV Target Markets,4
2022-05-19,bit.ly/togetherDEN,http://partners.bit.ly/qr,DV Target Markets,1
2022-04-01,bit.ly/togetherEP,http://partners.bit.ly/qr,DV Target Markets,1
2022-04-05,bit.ly/togetherEP,http://partners.bit.ly/qr,DV Target Markets,4
2022-04-11,bit.ly/togetherEP,http://partners.bit.ly/qr,DV Target Markets,1
2022-04-12,bit.ly/togetherEP,http://partners.bit.ly/qr,DV Target Markets,1
2022-05-05,bit.ly/togetherEP,http://partners.bit.ly/qr,DV Target Markets,1
2022-05-06,bit.ly/togetherEP,http://partners.bit.ly/qr,DV Target Markets,1
2022-04-05,bit.ly/togetherHTX,http://partners.bit.ly/qr,DV Target Markets,3
2022-04-11,bit.ly/togetherHTX,http://partners.bit.ly/qr,DV Target Markets,1
2022-04-12,bit.ly/togetherHTX,http://partners.bit.ly/qr,DV Target Markets,1
2022-05-05,bit.ly/togetherHTX,http://partners.bit.ly/qr,DV Target Markets,1
2022-05-06,bit.ly/togetherHTX,http://partners.bit.ly/qr,DV Target Markets,1
2022-05-14,bit.ly/togetherHTX,http://partners.bit.ly/qr,DV Target Markets,3
2022-04-05,bit.ly/togetherMS,http://partners.bit.ly/qr,DV Target Markets,3
2022-04-11,bit.ly/togetherMS,http://partners.bit.ly/qr,DV Target Markets,1
2022-05-05,bit.ly/togetherMS,http://partners.bit.ly/qr,DV Target Markets,1
2022-04-05,bit.ly/togetherNC,http://partners.bit.ly/qr,DV Target Markets,2
2022-04-11,bit.ly/togetherNC,http://partners.bit.ly/qr,DV Target Markets,1
2022-05-05,bit.ly/togetherNC,http://partners.bit.ly/qr,DV Target Markets,1
2022-05-11,bit.ly/togetherNC,direct,DV Target Markets,2
2022-05-12,bit.ly/juntosDEN,http://partners.bit.ly/qr,DV Target Markets,1
2022-04-05,bit.ly/juntosHTX,http://partners.bit.ly/qr,DV Target Markets,1
2022-05-05,bit.ly/juntosHTX,direct,DV Target Markets,2
2022-04-05,bit.ly/juntosMS,http://partners.bit.ly/qr,DV Target Markets,1
2022-04-05,bit.ly/juntosNC,http://partners.bit.ly/qr,DV Target Markets,1
2022-04-05,bit.ly/togetherBR,http://partners.bit.ly/qr,LRC,2
2022-04-11,bit.ly/togetherBR,http://partners.bit.ly/qr,LRC,1
2022-05-05,bit.ly/togetherBR,http://partners.bit.ly/qr,LRC,1
2022-04-04,bit.ly/togetherNOLA,http://partners.bit.ly/qr,LRC,1
2022-04-05,bit.ly/togetherNOLA,http://partners.bit.ly/qr,LRC,2
2022-04-08,bit.ly/togetherNOLA,http://partners.bit.ly/qr,LRC,1
2022-04-09,bit.ly/togetherNOLA,direct,LRC,9
2022-04-11,bit.ly/togetherNOLA,https://t.co/,LRC,4
2022-04-11,bit.ly/togetherNOLA,http://partners.bit.ly/qr,LRC,1
2022-04-13,bit.ly/togetherNOLA,http://partners.bit.ly/qr,LRC,10
2022-04-13,bit.ly/togetherNOLA,direct,LRC,1
2022-04-14,bit.ly/togetherNOLA,http://partners.bit.ly/qr,LRC,5
2022-04-15,bit.ly/togetherNOLA,http://partners.bit.ly/qr,LRC,2
2022-04-16,bit.ly/togetherNOLA,http://partners.bit.ly/qr,LRC,1
2022-04-26,bit.ly/togetherNOLA,http://partners.bit.ly/qr,LRC,1
2022-04-30,bit.ly/togetherNOLA,http://partners.bit.ly/qr,LRC,1
2022-05-05,bit.ly/togetherNOLA,http://partners.bit.ly/qr,LRC,1
2022-05-09,bit.ly/togetherNOLA,https://t.co/,LRC,1
2022-05-16,bit.ly/togetherNOLA,direct,LRC,2
2022-05-17,bit.ly/togetherNOLA,https://t.co/,LRC,10
2022-05-18,bit.ly/togetherNOLA,direct,LRC,1
2022-05-22,bit.ly/togetherNOLA,direct,LRC,2
2022-05-22,bit.ly/togetherNOLA,https://t.co/,LRC,1
2022-05-22,bit.ly/togetherNOLA,https://lm.facebook.com/,LRC,1
2022-05-23,bit.ly/togetherNOLA,https://t.co/,LRC,4
2022-05-24,bit.ly/togetherNOLA,direct,LRC,1
2022-05-26,bit.ly/togetherNOLA,direct,LRC,1
2022-04-05,bit.ly/togetherSHV,http://partners.bit.ly/qr,LRC,2
2022-04-11,bit.ly/togetherSHV,http://partners.bit.ly/qr,LRC,1
2022-04-14,bit.ly/togetherSHV,http://partners.bit.ly/qr,LRC,1
2022-04-14,bit.ly/togetherSHV,direct,LRC,1
2022-04-21,bit.ly/togetherSHV,http://partners.bit.ly/qr,LRC,9
2022-04-25,bit.ly/togetherSHV,https://t.co/,LRC,5
2022-04-25,bit.ly/togetherSHV,direct,LRC,5
2022-04-26,bit.ly/togetherSHV,https://t.co/,LRC,3
2022-04-28,bit.ly/togetherSHV,direct,LRC,3
2022-05-05,bit.ly/togetherSHV,http://partners.bit.ly/qr,LRC,1
2022-05-09,bit.ly/togetherSHV,direct,LRC,15
2022-04-05,bit.ly/juntosBR,http://partners.bit.ly/qr,LRC,2
2022-04-05,bit.ly/juntosNOLA,http://partners.bit.ly/qr,LRC,1
2022-04-05,bit.ly/juntosSHV,http://partners.bit.ly/qr,LRC,1
2022-04-06,bit.ly/exploreAoU,direct,Researcher,1
2022-04-13,bit.ly/exploreAoU,direct,Researcher,10
2022-04-19,bit.ly/exploreAoU,direct,Researcher,3
2022-04-20,bit.ly/exploreAoU,direct,Researcher,2
2022-04-22,bit.ly/exploreAoU,direct,Researcher,1
2022-05-07,bit.ly/exploreAoU,direct,Researcher,1
2022-05-11,bit.ly/exploreAoU,direct,Researcher,1
2022-05-13,bit.ly/exploreAoU,direct,Researcher,1
2022-05-14,bit.ly/exploreAoU,http://partners.bit.ly/qr,Researcher,1
2022-05-21,bit.ly/exploreAoU,http://partners.bit.ly/qr,Researcher,1
2022-04-06,bit.ly/researchercommunity,direct,Researcher,2
2022-04-07,bit.ly/researchercommunity,direct,Researcher,1
2022-05-11,bit.ly/researchercommunity,direct,Researcher,1
2022-04-06,bit.ly/AllofUs_MSRS,direct,MSRS,1
2022-05-11,bit.ly/AllofUs_MSRS,direct,MSRS,1
2022-04-05,bit.ly/togetherWA,http://partners.bit.ly/qr,DV Target Markets,2
2022-04-11,bit.ly/togetherWA,http://partners.bit.ly/qr,DV Target Markets,1
2022-04-22,bit.ly/togetherWA,direct,DV Target Markets,2
2022-05-05,bit.ly/togetherWA,http://partners.bit.ly/qr,DV Target Markets,1
2022-05-09,bit.ly/PMT_NBCUSA,direct,NY_PMT,2
2022-04-05,bit.ly/NAHH_PMT,http://partners.bit.ly/qr,NY_PMT,3
2022-05-09,bit.ly/NAHH_PMT,direct,NY_PMT,2
2022-04-20,bit.ly/PrideNet_PMT,direct,NY_PMT,1
2022-05-09,bit.ly/PrideNet_PMT,direct,NY_PMT,2
2022-04-05,bit.ly/NNLM_PMT,http://partners.bit.ly/qr,NY_PMT,2
2022-05-09,bit.ly/NNLM_PMT,direct,NY_PMT,2
2022-05-09,bit.ly/AHC_PMT,direct,NY_PMT,1
2022-05-09,bit.ly/Unidos_PMT,direct,pmt / NY_PMT,2
2022-05-09,bit.ly/NHMA_PMT,direct,NY_PMT,2
2022-05-09,bit.ly/PMT_NAHN,direct,NY_PMT / pmt,2
2022-04-18,bit.ly/LGBTQI_PMT,direct,NY_PMT,1
2022-05-09,bit.ly/LGBTQI_PMT,direct,NY_PMT,1
2022-05-10,bit.ly/LGBTQI_PMT,direct,NY_PMT,1
2022-05-13,bit.ly/LGBTQI_PMT,direct,NY_PMT,1
2022-05-09,bit.ly/NHCOA_PMT,direct,NY_PMT,2
2022-05-09,bit.ly/NBNA_PMT,direct,pmt / NY_PMT,1
2022-05-09,bit.ly/ACCESSNY_PMT,direct,NY_PMT,1
2022-05-09,bit.ly/LULAC_PMT,direct,NY_PMT,1
2022-05-09,bit.ly/AACN_PMT,direct,pmt / NY_PMT,1
2022-05-09,bit.ly/BGLC_PMT,direct,pmt / NY_PMT,1
2022-04-14,bit.ly/NAHN_PMT,http://partners.bit.ly/qr,Detroit_PMT,3
2022-04-16,bit.ly/NAHN_PMT,http://partners.bit.ly/qr,Detroit_PMT,11
2022-04-20,bit.ly/NAHN_PMT,http://partners.bit.ly/qr,Detroit_PMT,1
2022-04-26,bit.ly/NAHN_PMT,http://partners.bit.ly/qr,Detroit_PMT,1
2022-04-18,bit.ly/LGBTDetroit_PMT,direct,Detroit_PMT,2
2022-04-18,bit.ly/LGBTDetroit_PMT,https://www.google.com/,Detroit_PMT,1
2022-04-19,bit.ly/LGBTDetroit_PMT,direct,Detroit_PMT,7
2022-04-19,bit.ly/LGBTDetroit_PMT,https://t.co/,Detroit_PMT,3
2022-04-21,bit.ly/LGBTDetroit_PMT,direct,Detroit_PMT,1
2022-04-25,bit.ly/LGBTDetroit_PMT,direct,Detroit_PMT,2
2022-04-25,bit.ly/LGBTDetroit_PMT,https://t.co/,Detroit_PMT,1
2022-04-26,bit.ly/LGBTDetroit_PMT,direct,Detroit_PMT,3
2022-04-27,bit.ly/LGBTDetroit_PMT,direct,Detroit_PMT,2
2022-04-29,bit.ly/LGBTDetroit_PMT,direct,Detroit_PMT,1
2022-04-30,bit.ly/LGBTDetroit_PMT,direct,Detroit_PMT,1
2022-05-13,bit.ly/LGBTDetroit_PMT,direct,Detroit_PMT,6
2022-05-13,bit.ly/LGBTDetroit_PMT,https://www.google.com/,Detroit_PMT,1
2022-05-13,bit.ly/LGBTDetroit_PMT,https://t.co/,Detroit_PMT,1
2022-05-16,bit.ly/LGBTDetroit_PMT,https://l.facebook.com/,Detroit_PMT,1
2022-05-16,bit.ly/LGBTDetroit_PMT,http://m.facebook.com,Detroit_PMT,1
2022-04-05,bit.ly/BWHI_PMT,http://partners.bit.ly/qr,Detroit_PMT,1
2022-04-23,bit.ly/BWHI_PMT,direct,Detroit_PMT,3
2022-04-05,bit.ly/AFP-PMT,http://partners.bit.ly/qr,Detroit_PMT,1
2022-04-28,bit.ly/AFP-PMT,direct,Detroit_PMT,2
2022-04-28,bit.ly/AFP-PMT,http://partners.bit.ly/qr,Detroit_PMT,1
2022-04-29,bit.ly/AFP-PMT,direct,Detroit_PMT,1
2022-05-04,bit.ly/AFP-PMT,http://partners.bit.ly/qr,Detroit_PMT,1
2022-04-01,bit.ly/ATLProviders,https://www.rootedinresilience.co/,HPO Target Market,1
2022-04-01,bit.ly/ATLProviders,http://partners.bit.ly/qr,HPO Target Market,1
2022-04-01,bit.ly/ATLProviders,direct,HPO Target Market,1
2022-04-03,bit.ly/ATLProviders,https://www.rootedinresilience.co/,HPO Target Market,1
2022-04-05,bit.ly/ATLProviders,http://partners.bit.ly/qr,HPO Target Market,3
2022-04-05,bit.ly/ATLProviders,https://www.rootedinresilience.co/,HPO Target Market,1
2022-04-06,bit.ly/ATLProviders,direct,HPO Target Market,2
2022-04-07,bit.ly/ATLProviders,https://www.rootedinresilience.co/,HPO Target Market,1
2022-04-07,bit.ly/ATLProviders,direct,HPO Target Market,1
2022-04-08,bit.ly/ATLProviders,direct,HPO Target Market,1
2022-04-12,bit.ly/ATLProviders,https://www.rootedinresilience.co/,HPO Target Market,1
2022-04-12,bit.ly/ATLProviders,https://www.google.com/,HPO Target Market,1
2022-04-12,bit.ly/ATLProviders,http://partners.bit.ly/qr,HPO Target Market,1
2022-04-13,bit.ly/ATLProviders,https://www.rootedinresilience.co/,HPO Target Market,2
2022-04-16,bit.ly/ATLProviders,direct,HPO Target Market,1
2022-05-11,bit.ly/ATLProviders,direct,HPO Target Market,1
2022-04-06,bit.ly/LA-SevenStar,http://partners.bit.ly/qr,LA_PMT,2
2022-04-06,bit.ly/LA-SevenStar,direct,LA_PMT,1
2022-04-08,bit.ly/LA-SevenStar,http://partners.bit.ly/qr,LA_PMT,1
2022-04-12,bit.ly/LA-SevenStar,http://partners.bit.ly/qr,LA_PMT,1
2022-05-13,bit.ly/LA-SevenStar,http://partners.bit.ly/qr,LA_PMT,10
2022-04-05,bit.ly/LA-NOCOA,http://partners.bit.ly/qr,LA_PMT,2
2022-04-08,bit.ly/LA-NOCOA,http://partners.bit.ly/qr,LA_PMT,1
2022-04-12,bit.ly/LA-NOCOA,http://partners.bit.ly/qr,LA_PMT,1
2022-05-05,bit.ly/LA-NOCOA,direct,LA_PMT,1
2022-04-05,bit.ly/LA-Dillard,http://partners.bit.ly/qr,LA_PMT,2
2022-04-08,bit.ly/LA-Dillard,http://partners.bit.ly/qr,LA_PMT,1
2022-04-12,bit.ly/LA-Dillard,http://partners.bit.ly/qr,LA_PMT,1
2022-05-19,bit.ly/LA-Dillard,http://partners.bit.ly/qr,LA_PMT,1
2022-04-05,bit.ly/LA-Delgado,http://partners.bit.ly/qr,LA_PMT,2
2022-04-08,bit.ly/LA-Delgado,http://partners.bit.ly/qr,LA_PMT,1
2022-04-12,bit.ly/LA-Delgado,http://partners.bit.ly/qr,LA_PMT,1
2022-04-05,bit.ly/LA-Xavier,http://partners.bit.ly/qr,LA_PMT,3
2022-04-08,bit.ly/LA-Xavier,http://partners.bit.ly/qr,LA_PMT,1
2022-04-12,bit.ly/LA-Xavier,http://partners.bit.ly/qr,LA_PMT,1
2022-04-26,bit.ly/LA-Xavier,direct,LA_PMT,1
2022-05-05,bit.ly/LA-Xavier,direct,LA_PMT,1
2022-04-05,bit.ly/LA-SUNO,http://partners.bit.ly/qr,LA_PMT,2
2022-04-08,bit.ly/LA-SUNO,http://partners.bit.ly/qr,LA_PMT,1
2022-04-12,bit.ly/LA-SUNO,http://partners.bit.ly/qr,LA_PMT,1
2022-04-13,bit.ly/LA-SUNO,http://partners.bit.ly/qr,LA_PMT,1
2022-04-14,bit.ly/LA-SUNO,http://partners.bit.ly/qr,LA_PMT,1
2022-04-15,bit.ly/LA-SUNO,http://partners.bit.ly/qr,LA_PMT,2
2022-04-27,bit.ly/LA-SUNO,http://partners.bit.ly/qr,LA_PMT,2
2022-05-05,bit.ly/LA-SUNO,direct,LA_PMT,1
2022-04-15,bit.ly/NNLM_MI,direct,Detroit_PMT,1
2022-04-19,bit.ly/togetherAoU,http://partners.bit.ly/qr,"",2
2022-04-19,bit.ly/togetherAoU,direct,"",1
2022-04-20,bit.ly/togetherAoU,direct,"",2
2022-04-25,bit.ly/togetherAoU,direct,"",1
2022-04-27,bit.ly/togetherAoU,direct,"",3
2022-04-28,bit.ly/togetherAoU,http://partners.bit.ly/qr,"",4
2022-04-30,bit.ly/togetherAoU,http://partners.bit.ly/qr,"",1
2022-05-03,bit.ly/togetherAoU,http://partners.bit.ly/qr,"",1
2022-05-04,bit.ly/togetherAoU,http://partners.bit.ly/qr,"",3
2022-05-05,bit.ly/togetherAoU,http://partners.bit.ly/qr,"",1
2022-05-06,bit.ly/togetherAoU,http://partners.bit.ly/qr,"",1
2022-05-09,bit.ly/togetherAoU,direct,"",2
2022-05-12,bit.ly/togetherAoU,http://partners.bit.ly/qr,"",4
2022-05-21,bit.ly/togetherAoU,http://partners.bit.ly/qr,"",1
2022-05-25,bit.ly/togetherAoU,direct,"",1
2022-04-01,bit.ly/AoUTodosjuntos,http://partners.bit.ly/qr,CPGI Netowrk,1
2022-04-05,bit.ly/AoUTodosjuntos,http://partners.bit.ly/qr,CPGI Netowrk,6
2022-04-07,bit.ly/AoUTodosjuntos,direct,CPGI Netowrk,3
2022-04-08,bit.ly/AoUTodosjuntos,https://l.facebook.com/,CPGI Netowrk,1
2022-04-08,bit.ly/AoUTodosjuntos,direct,CPGI Netowrk,1
2022-04-11,bit.ly/AoUTodosjuntos,http://partners.bit.ly/qr,CPGI Netowrk,1
2022-04-12,bit.ly/AoUTodosjuntos,http://partners.bit.ly/qr,CPGI Netowrk,1
2022-04-20,bit.ly/AoUTodosjuntos,direct,CPGI Netowrk,8
2022-04-21,bit.ly/AoUTodosjuntos,direct,CPGI Netowrk,6
2022-04-27,bit.ly/AoUTodosjuntos,direct,CPGI Netowrk,1
2022-05-05,bit.ly/AoUTodosjuntos,http://partners.bit.ly/qr,CPGI Netowrk,1
2022-05-06,bit.ly/AoUTodosjuntos,http://partners.bit.ly/qr,CPGI Netowrk,1
2022-04-01,bit.ly/AoUEats,http://partners.bit.ly/qr,clyde,1
2022-04-02,bit.ly/AoUEats,direct,clyde,2
2022-04-03,bit.ly/AoUEats,direct,clyde,1
2022-04-04,bit.ly/AoUEats,https://t.co/,clyde,4
2022-04-05,bit.ly/AoUEats,http://partners.bit.ly/qr,clyde,6
2022-04-05,bit.ly/AoUEats,direct,clyde,1
2022-04-06,bit.ly/AoUEats,direct,clyde,3
2022-04-07,bit.ly/AoUEats,direct,clyde,9
2022-04-07,bit.ly/AoUEats,https://t.co/,clyde,5
2022-04-07,bit.ly/AoUEats,https://duckduckgo.com/,clyde,1
2022-04-08,bit.ly/AoUEats,direct,clyde,10
2022-04-08,bit.ly/AoUEats,https://t.co/,clyde,8
2022-04-09,bit.ly/AoUEats,direct,clyde,3
2022-04-09,bit.ly/AoUEats,https://t.co/,clyde,2
2022-04-11,bit.ly/AoUEats,http://partners.bit.ly/qr,clyde,1
2022-04-12,bit.ly/AoUEats,http://partners.bit.ly/qr,clyde,1
2022-04-13,bit.ly/AoUEats,direct,clyde,3
2022-04-13,bit.ly/AoUEats,https://lm.facebook.com/,clyde,1
2022-04-13,bit.ly/AoUEats,http://partners.bit.ly/qr,clyde,1
2022-04-14,bit.ly/AoUEats,direct,clyde,3
2022-06-01,bit.ly/togetherDMV,https://nphchq.com/,DV Target Markets,1.0
2022-06-01,bit.ly/togetherDMV,http://partners.bit.ly/qr,DV Target Markets,1.0
2022-06-01,bit.ly/togetherDTM,http://partners.bit.ly/qr,HPO Target Market,1.0
2022-06-01,bit.ly/juntosDTM,http://partners.bit.ly/qr,HPO Target Market / Detroit,1.0
2022-06-01,bit.ly/togetherDEN,direct,DV Target Markets,2.0
2022-06-01,bit.ly/togetherDEN,http://partners.bit.ly/qr,DV Target Markets,1.0
2022-06-01,bit.ly/togetherEP,http://partners.bit.ly/qr,DV Target Markets,1.0
2022-06-01,bit.ly/togetherHTX,http://partners.bit.ly/qr,DV Target Markets,1.0
2022-06-01,bit.ly/togetherMS,http://partners.bit.ly/qr,DV Target Markets,1.0
2022-06-01,bit.ly/togetherNC,http://partners.bit.ly/qr,DV Target Markets,1.0
2022-06-28,bit.ly/togetherCHI,direct,,1.0
2022-04-14,bit.ly/AoUEats,https://t.co/,clyde,1
2022-04-18,bit.ly/AoUEats,direct,clyde,4
2022-04-19,bit.ly/AoUEats,direct,clyde,1
2022-04-13,bit.ly/AllofUsEats,direct,AoUEats,1
2022-04-13,bit.ly/Providers_ATL,direct,Provider,1
2022-05-12,bit.ly/togetherLisa,direct,Influencer / clyde,1
2022-04-01,bit.ly/chicagoadvocates,direct,Monthly Report / advocates,1
2022-04-08,bit.ly/LA-GoldenChange-es,direct,LA_PMT,1
2022-04-12,bit.ly/LA-GoldenChange-es,http://partners.bit.ly/qr,LA_PMT,1
2022-04-28,bit.ly/LA-GoldenChange-es,http://partners.bit.ly/qr,LA_PMT,3
2022-05-10,bit.ly/LA-GoldenChange-es,http://partners.bit.ly/qr,LA_PMT,8
2022-05-11,bit.ly/LA-GoldenChange-es,http://partners.bit.ly/qr,LA_PMT,1
2022-06-01,bit.ly/juntosDEN,direct,DV Target Markets,3.0
2022-06-01,bit.ly/juntosDEN,https://www.google.com/,DV Target Markets,1.0
2022-06-01,bit.ly/juntosDMV,https://www.google.com/,DV Target Markets,1.0
2022-06-01,bit.ly/juntosNC,direct,DV Target Markets,2.0
2022-06-01,bit.ly/togetherBR,http://partners.bit.ly/qr,LRC,1.0
2022-06-01,bit.ly/togetherNOLA,http://partners.bit.ly/qr,LRC,1.0
2022-06-01,bit.ly/togetherSHV,http://partners.bit.ly/qr,LRC,1.0
2022-06-01,bit.ly/juntosBR,direct,LRC,2.0
2022-06-01,bit.ly/AllofUs_MSRS,https://www.google.com/,MSRS,1.0
2022-06-01,bit.ly/togetherWA,http://partners.bit.ly/qr,DV Target Markets,1.0
2022-06-01,bit.ly/NBCUSA_PMT,direct,Detroit_PMT,1.0
2022-06-01,bit.ly/LGBTDetroit_PMT,direct,Detroit_PMT,1.0
2022-06-01,bit.ly/AFP-PMT,direct,Detroit_PMT,2.0
2022-06-01,bit.ly/cpgiadvocates,direct,advocates / Monthly Report,1.0
2022-06-01,bit.ly/togetherAoU,direct,,4.0
2022-06-01,bit.ly/togetherAoU,http://partners.bit.ly/qr,,1.0
2022-06-01,bit.ly/AoUTodosjuntos,http://partners.bit.ly/qr,CPGI Netowrk,1.0
2022-06-01,bit.ly/AoUEats,http://partners.bit.ly/qr,clyde,1.0
2022-06-01,bit.ly/AoU_Eats,http://partners.bit.ly/qr,AoUEats,1.0
2022-06-15,bit.ly/togetherDMV,https://nphchq.com/,DV Target Markets,3.0
2022-06-15,bit.ly/togetherDTX,direct,HPO Target Market,76.0
2022-06-15,bit.ly/togetherDTX,https://mail.google.com/,HPO Target Market,2.0
2022-06-15,bit.ly/togetherDTX,https://www.eclipso.at/,HPO Target Market,1.0
2022-06-15,bit.ly/togetherDTX,https://pardot.aspph.org/,HPO Target Market,1.0
2022-06-15,bit.ly/togetherNOLA,https://t.co/,LRC,1.0
2022-06-15,bit.ly/AFP-PMT,http://partners.bit.ly/qr,Detroit_PMT,1.0
2022-06-15,bit.ly/LA-GoldenChange-es,http://partners.bit.ly/qr,LA_PMT,6.0
2022-06-15,bit.ly/LA-SevenStar,http://partners.bit.ly/qr,LA_PMT,1.0
2022-06-15,bit.ly/LA-SevenStar,direct,LA_PMT,1.0
2022-06-16,bit.ly/togetherDMV,http://partners.bit.ly/qr,DV Target Markets,2.0
2022-06-16,bit.ly/togetherDMV,https://nphchq.com/millennium1/,DV Target Markets,1.0
2022-06-16,bit.ly/togetherDMV,https://nphchq.com/,DV Target Markets,1.0
2022-06-16,bit.ly/togetherDTX,direct,HPO Target Market,19.0
2022-06-16,bit.ly/togetherDTX,https://mail.google.com/,HPO Target Market,2.0
2022-06-16,bit.ly/togetherDTX,https://www.google.com/,HPO Target Market,1.0
2022-06-16,bit.ly/juntosDMV,http://partners.bit.ly/qr,DV Target Markets,2.0
2022-06-16,bit.ly/juntosDMV,direct,DV Target Markets,1.0
2022-06-16,bit.ly/togetherSHV,direct,LRC,1.0
2022-06-16,bit.ly/LA-GoldenChange-es,http://partners.bit.ly/qr,LA_PMT,1.0
2022-06-16,bit.ly/LA-Xavier,http://partners.bit.ly/qr,LA_PMT,27.0
2022-06-16,bit.ly/togetherAoU,direct,,1.0
2022-06-17,bit.ly/togetherDTX,direct,HPO Target Market,4.0
2022-06-17,bit.ly/togetherDEN,direct,DV Target Markets,1.0
2022-06-17,bit.ly/togetherNOLA,direct,LRC,1.0
2022-06-18,bit.ly/togetherDMV,https://nphchq.com/,DV Target Markets,2.0
2022-06-18,bit.ly/togetherDTX,direct,HPO Target Market,3.0
2022-06-18,bit.ly/togetherSHV,http://partners.bit.ly/qr,LRC,18.0
2022-06-19,bit.ly/togetherDMV,direct,DV Target Markets,1.0
2022-06-19,bit.ly/togetherDTX,direct,HPO Target Market,1.0
2022-06-19,bit.ly/togetherSHV,http://partners.bit.ly/qr,LRC,30.0
2022-06-20,bit.ly/togetherDTX,https://mail.google.com/mail/mu/mp/106/,HPO Target Market,1.0
2022-06-20,bit.ly/togetherDTX,direct,HPO Target Market,1.0
2022-06-20,bit.ly/togetherSHV,http://partners.bit.ly/qr,LRC,4.0
2022-06-20,bit.ly/LA-GoldenChange-es,http://partners.bit.ly/qr,LA_PMT,1.0
2022-06-21,bit.ly/togetherDMV,https://nphchq.com/,DV Target Markets,2.0
2022-06-21,bit.ly/togetherDTX,direct,HPO Target Market,7.0
2022-06-21,bit.ly/togetherDTX,https://mail.google.com/,HPO Target Market,1.0
2022-06-21,bit.ly/LA-SevenStar,http://partners.bit.ly/qr,LA_PMT,1.0
2022-06-22,bit.ly/togetherDMV,https://nphchq.com/,DV Target Markets,2.0
2022-06-22,bit.ly/NNLM_PMT,http://partners.bit.ly/qr,NY_PMT,1.0
2022-06-23,bit.ly/togetherDMV,https://nphchq.com/,DV Target Markets,1.0
2022-06-23,bit.ly/togetherATL,https://www.google.com/,,1.0
2022-06-23,bit.ly/togetherDTX,https://nphchq.com/,HPO Target Market,1.0
2022-06-23,bit.ly/togetherDTX,https://mail.google.com/,HPO Target Market,1.0
2022-06-23,bit.ly/togetherDTX,direct,HPO Target Market,1.0
2022-06-23,bit.ly/togetherSHV,direct,LRC,1.0
2022-06-23,bit.ly/AFP-PMT,http://partners.bit.ly/qr,Detroit_PMT,1.0
2022-06-24,bit.ly/togetherDMV,http://partners.bit.ly/qr,DV Target Markets,2.0
2022-06-24,bit.ly/togetherDMV,https://nphchq.com/,DV Target Markets,1.0
2022-06-24,bit.ly/exploreAoU,direct,Researcher,7.0
2022-06-24,bit.ly/LA-Dillard,http://partners.bit.ly/qr,LA_PMT,2.0
2022-06-25,bit.ly/togetherDTX,direct,HPO Target Market,3.0
2022-06-25,bit.ly/togetherDTX,https://nphchq.com/,HPO Target Market,1.0
2022-07-13,bit.ly/LA-SUNO,direct,LA_PMT,1.0
2022-05-16,bit.ly/LA-GoldenChange-es,http://partners.bit.ly/qr,LA_PMT,2
2022-05-18,bit.ly/LA-GoldenChange-es,http://partners.bit.ly/qr,LA_PMT,1
2022-05-19,bit.ly/LA-GoldenChange-es,http://partners.bit.ly/qr,LA_PMT,6
2022-05-19,bit.ly/LA-GoldenChange-es,direct,LA_PMT,4
2022-05-20,bit.ly/LA-GoldenChange-es,http://partners.bit.ly/qr,LA_PMT,1
2022-05-24,bit.ly/LA-GoldenChange-es,http://partners.bit.ly/qr,LA_PMT,3
2022-05-25,bit.ly/LA-GoldenChange-es,http://partners.bit.ly/qr,LA_PMT,1
2022-04-06,bit.ly/LA-DREF,http://partners.bit.ly/qr,LA_PMT,1
2022-04-06,bit.ly/LA-DREF,direct,LA_PMT,1
2022-04-12,bit.ly/LA-DREF,http://partners.bit.ly/qr,LA_PMT,1
2022-04-19,bit.ly/LA-DREF,http://partners.bit.ly/qr,LA_PMT,2
2022-04-19,bit.ly/LA-DREF,direct,LA_PMT,1
2022-04-20,bit.ly/LA-DREF,http://partners.bit.ly/qr,LA_PMT,1
2022-04-21,bit.ly/LA-DREF,http://partners.bit.ly/qr,LA_PMT,3
2022-04-27,bit.ly/LA-DREF,http://partners.bit.ly/qr,LA_PMT,1
2022-05-26,bit.ly/LA-DREF,http://partners.bit.ly/qr,LA_PMT,4
2022-06-25,bit.ly/LGBTDetroit_PMT,https://t.co/,Detroit_PMT,1.0
2022-06-26,bit.ly/togetherDTX,direct,HPO Target Market,2.0
2022-06-26,bit.ly/exploreAoU,https://t.co/,Researcher,1.0
2022-06-26,bit.ly/exploreAoU,direct,Researcher,1.0
2022-06-27,bit.ly/togetherDMV,https://nphchq.com/,DV Target Markets,3.0
2022-06-27,bit.ly/togetherNOLA,direct,LRC,1.0
2022-06-27,bit.ly/exploreAoU,https://t.co/,Researcher,8.0
2022-06-27,bit.ly/exploreAoU,https://www.google.com/,Researcher,1.0
2022-06-27,bit.ly/exploreAoU,android-app://com.google.android.gm/,Researcher,1.0
2022-06-27,bit.ly/researchercommunity,https://www.google.com/,Researcher,1.0
2022-06-27,bit.ly/AllofUs_MSRS,https://www.google.com/,MSRS,1.0
2022-06-28,bit.ly/togetherDTX,direct,HPO Target Market,1.0
2022-06-28,bit.ly/exploreAoU,direct,Researcher,1.0
2022-06-28,bit.ly/researchercommunity,direct,Researcher,1.0
2022-06-28,bit.ly/AllofUs_MSRS,direct,MSRS,1.0
2022-06-28,bit.ly/LA-Dillard,http://partners.bit.ly/qr,LA_PMT,2.0
2022-06-28,bit.ly/LA-Delgado,http://partners.bit.ly/qr,LA_PMT,2.0
2022-06-28,bit.ly/LA-Xavier,http://partners.bit.ly/qr,LA_PMT,2.0
2022-06-28,bit.ly/LA-SUNO,http://partners.bit.ly/qr,LA_PMT,2.0
2022-06-29,bit.ly/togetherDMV,https://nphchq.com/,DV Target Markets,3.0
2022-06-29,bit.ly/togetherDTX,https://mail.google.com/,HPO Target Market,1.0
2022-06-29,bit.ly/exploreAoU,https://l.facebook.com/,Researcher,1.0
2022-06-29,bit.ly/LA-GoldenChange-es,http://partners.bit.ly/qr,LA_PMT,1.0
2022-06-30,bit.ly/togetherDMV,http://partners.bit.ly/qr,DV Target Markets,1.0
2022-06-30,bit.ly/togetherATL,http://partners.bit.ly/qr,,2.0
2022-06-30,bit.ly/togetherDEN,http://partners.bit.ly/qr,DV Target Markets,1.0
2022-06-30,bit.ly/togetherDEN,direct,DV Target Markets,1.0
2022-06-30,bit.ly/togetherEP,http://partners.bit.ly/qr,DV Target Markets,1.0
2022-06-30,bit.ly/togetherHTX,http://partners.bit.ly/qr,DV Target Markets,1.0
2022-06-30,bit.ly/togetherHTX,direct,DV Target Markets,1.0
2022-06-30,bit.ly/togetherMS,http://partners.bit.ly/qr,DV Target Markets,1.0
2022-06-30,bit.ly/togetherNC,http://partners.bit.ly/qr,DV Target Markets,1.0
2022-06-30,bit.ly/togetherBR,http://partners.bit.ly/qr,LRC,1.0
2022-06-30,bit.ly/togetherNOLA,http://partners.bit.ly/qr,LRC,1.0
2022-06-30,bit.ly/togetherSHV,http://partners.bit.ly/qr,LRC,1.0
2022-06-30,bit.ly/togetherWA,http://partners.bit.ly/qr,DV Target Markets,1.0
2022-06-30,bit.ly/togetherWA,direct,DV Target Markets,1.0
2022-06-30,bit.ly/togetherAoU,http://partners.bit.ly/qr,,1.0
2022-06-30,bit.ly/AoUTodosjuntos,http://partners.bit.ly/qr,CPGI Netowrk,1.0
2022-07-01,bit.ly/togetherDMV,https://nphchq.com/,DV Target Markets,1.0
2022-07-01,bit.ly/togetherATL,https://www.rootedinresilience.co/,,1.0
2022-07-01,bit.ly/togetherATL,direct,,1.0
2022-07-01,bit.ly/togetherDTX,https://www.rootedinresilience.co/,HPO Target Market,1.0
2022-07-01,bit.ly/LA-SevenStar,http://partners.bit.ly/qr,LA_PMT,5.0
2022-07-02,bit.ly/togetherDMV,https://nphchq.com/,DV Target Markets,1.0
2022-07-02,bit.ly/togetherDMV,direct,DV Target Markets,1.0
2022-07-02,bit.ly/togetherDTX,direct,HPO Target Market,2.0
2022-07-02,bit.ly/LA-SevenStar,http://partners.bit.ly/qr,LA_PMT,80.0
2022-07-03,bit.ly/togetherDMV,https://nphchq.com/,DV Target Markets,1.0
2022-07-03,bit.ly/LA-SevenStar,http://partners.bit.ly/qr,LA_PMT,9.0
2022-07-04,bit.ly/togetherDMV,https://nphchq.com/,DV Target Markets,1.0
2022-07-05,bit.ly/togetherDTX,direct,HPO Target Market,1.0
2022-07-05,bit.ly/exploreAoU,https://t.co/,Researcher,2.0
2022-07-05,bit.ly/exploreAoU,direct,Researcher,2.0
2022-06-28,bit.ly/LA-NORBCC,direct,LA_PMT / LRC,4.0
2022-07-01,bit.ly/LA-NORBCC,http://partners.bit.ly/qr,LA_PMT / LRC,18.0
2022-07-02,bit.ly/LA-NORBCC,http://partners.bit.ly/qr,LA_PMT / LRC,6.0
2022-07-03,bit.ly/LA-NORBCC,http://partners.bit.ly/qr,LA_PMT / LRC,24.0
2022-07-03,bit.ly/LA-NORBCC,android-app://com.google.android.googlequicksearchbox/,LA_PMT / LRC,1.0
2022-06-28,bit.ly/LA-NORBCC-es,direct,LA_PMT / LRC,2.0
2022-06-28,bit.ly/LA-NORBCC-es,http://partners.bit.ly/qr,LA_PMT / LRC,1.0
2022-07-06,bit.ly/togetherDMV,https://bit.ly/togetherDMV,DV Target Markets,1.0
2022-07-06,bit.ly/exploreAoU,https://t.co/,Researcher,21.0
2022-07-06,bit.ly/exploreAoU,direct,Researcher,1.0
2022-07-07,bit.ly/togetherDMV,https://nphchq.com/millennium1/,DV Target Markets,1.0
2022-07-07,bit.ly/LA-NORBCC,http://partners.bit.ly/qr,LA_PMT / LRC,1.0
2022-07-09,bit.ly/togetherDTX,https://google.com',HPO Target Market,1.0
2022-07-09,bit.ly/LA-SevenStar,http://partners.bit.ly/qr,LA_PMT,1.0
2022-07-11,bit.ly/exploreAoU,direct,Researcher,1.0
2022-07-11,bit.ly/researchercommunity,direct,Researcher,1.0
2022-07-11,bit.ly/AllofUs_MSRS,direct,MSRS,2.0
2022-07-11,bit.ly/togetherAoU,direct,,1.0
2022-07-11,bit.ly/AoUTodosjuntos,direct,CPGI Netowrk,1.0
2022-07-12,bit.ly/togetherDMV,https://nphchq.com/,DV Target Markets,4.0
2022-07-12,bit.ly/togetherBOS,http://partners.bit.ly/qr,HPO Target Market,4.0
2022-07-12,bit.ly/togetherMIA,http://partners.bit.ly/qr,HPO Target Market,4.0
2022-07-12,bit.ly/togetherATL,http://partners.bit.ly/qr,,4.0
2022-07-12,bit.ly/togetherCHI,http://partners.bit.ly/qr,,4.0
2022-07-12,bit.ly/togetherDTX,http://partners.bit.ly/qr,HPO Target Market,4.0
2022-07-12,bit.ly/togetherDTM,http://partners.bit.ly/qr,HPO Target Market,4.0
2022-07-12,bit.ly/juntosATL,http://partners.bit.ly/qr,HPO Target Market,4.0
2022-07-12,bit.ly/juntosBOS,http://partners.bit.ly/qr,HPO Target Market,4.0
2022-07-12,bit.ly/juntosCHI,http://partners.bit.ly/qr,HPO Target Market,4.0
2022-07-12,bit.ly/juntosDTX,http://partners.bit.ly/qr,HPO Target Market,4.0
2022-07-12,bit.ly/juntosDTM,http://partners.bit.ly/qr,HPO Target Market / Detroit,4.0
2022-07-12,bit.ly/juntosMIA,http://partners.bit.ly/qr,HPO Target Market,4.0
2022-07-12,bit.ly/juntosNY,http://partners.bit.ly/qr,HPO Target Market,4.0
2022-07-12,bit.ly/juntosWI,http://partners.bit.ly/qr,,4.0
2022-07-12,bit.ly/togetherNOLA,direct,LRC,1.0
2022-07-12,bit.ly/AllofUs_MSRS,http://partners.bit.ly/qr,MSRS,1.0
2022-07-12,bit.ly/togetherAoU,http://partners.bit.ly/qr,,5.0
2022-07-12,bit.ly/AoUTodosjuntos,http://partners.bit.ly/qr,CPGI Netowrk,4.0
2022-07-13,bit.ly/togetherNOLA,https://t.co/,LRC,7.0
2022-07-13,bit.ly/togetherNOLA,direct,LRC,1.0
2022-07-13,bit.ly/exploreAoU,http://partners.bit.ly/qr,Researcher,3.0
2022-07-13,bit.ly/exploreAoU,direct,Researcher,2.0
2022-07-13,bit.ly/researchercommunity,http://partners.bit.ly/qr,Researcher,1.0
2022-07-13,bit.ly/researchercommunity,direct,Researcher,1.0
2022-07-13,bit.ly/AllofUs_MSRS,direct,MSRS,1.0
2022-07-13,bit.ly/LA-DREF,direct,LA_PMT,1.0
2022-07-13,bit.ly/togetherAoU,http://partners.bit.ly/qr,,6.0
2022-07-13,bit.ly/AoUTodosjuntos,http://partners.bit.ly/qr,CPGI Netowrk,1.0
2022-07-13,bit.ly/LA-NORBCC,direct,LA_PMT / LRC,1.0
2022-07-14,bit.ly/togetherDMV,https://nphchq.com/,DV Target Markets,1.0
2022-07-14,bit.ly/exploreAoU,http://partners.bit.ly/qr,Researcher,1.0
2022-07-14,bit.ly/togetherAoU,http://partners.bit.ly/qr,,2.0
2022-07-14,bit.ly/togetherDMV,https://nphchq.com/,DV Target Markets,1.0
2022-07-14,bit.ly/exploreAoU,http://partners.bit.ly/qr,Researcher,1.0
2022-07-14,bit.ly/togetherAoU,http://partners.bit.ly/qr,,2.0
2022-07-16,bit.ly/togetherDMV,https://nphchq.com/,DV Target Markets,2.0
2022-07-16,bit.ly/togetherDMV,direct,DV Target Markets,1.0
2022-07-16,bit.ly/exploreAoU,direct,Researcher,1.0
2022-07-17,bit.ly/togetherDMV,https://www.rootedinresilience.co/,DV Target Markets,1.0
2022-07-17,bit.ly/togetherDMV,https://nphchq.com/,DV Target Markets,1.0
2022-07-18,bit.ly/togetherDMV,https://www.google.com/,DV Target Markets,1.0
2022-07-18,bit.ly/togetherDMV,https://nphchq.com/,DV Target Markets,1.0
2022-07-19,bit.ly/togetherDMV,https://nphchq.com/,DV Target Markets,3.0
2022-07-20,bit.ly/togetherDMV,https://nphchq.com/,DV Target Markets,1.0
2022-07-20,bit.ly/togetherDTX,https://nphchq.com/,HPO Target Market,1.0
2022-07-20,bit.ly/exploreAoU,direct,Researcher,1.0
2022-07-20,bit.ly/researchercommunity,direct,Researcher,1.0
2022-07-21,bit.ly/togetherDMV,https://nphchq.com/,DV Target Markets,1.0
2022-07-21,bit.ly/togetherMIA,direct,HPO Target Market,2.0
2022-07-21,bit.ly/juntosMIA,direct,HPO Target Market,1.0
2022-07-21,bit.ly/LA-SUNO,http://partners.bit.ly/qr,LA_PMT,4.0
2022-07-21,bit.ly/LA-SUNO,direct,LA_PMT,2.0
2022-07-21,bit.ly/LA-NORBCC,http://partners.bit.ly/qr,LA_PMT / LRC,1.0
2022-07-22,bit.ly/togetherDMV,https://nphchq.com/,DV Target Markets,1.0
2022-07-22,bit.ly/togetherATL,http://partners.bit.ly/qr,,1.0
2022-07-22,bit.ly/togetherNOLA,http://partners.bit.ly/qr,LRC,1.0
2022-07-22,bit.ly/PMT_NAHN,android-app://com.google.android.googlequicksearchbox/,NY_PMT / pmt,1.0
2022-07-22,bit.ly/LA-GoldenChange-es,https://l.facebook.com/,LA_PMT,1.0
2022-07-22,bit.ly/togetherAoU,http://partners.bit.ly/qr,,1.0
2022-07-23,bit.ly/LA-GoldenChange,http://partners.bit.ly/qr,LA_PMT,4.0
2022-07-23,bit.ly/togetherDMV,https://nphchq.com/,DV Target Markets,1.0
2022-07-23,bit.ly/LA-GoldenChange-es,http://partners.bit.ly/qr,LA_PMT,6.0
2022-07-24,bit.ly/togetherDMV,https://nphchq.com/,DV Target Markets,1.0
2022-07-25,bit.ly/LA-GoldenChange,http://partners.bit.ly/qr,LA_PMT,1.0
2022-07-25,bit.ly/togetherMIA,http://partners.bit.ly/qr,HPO Target Market,1.0
2022-07-25,bit.ly/togetherMIA,direct,HPO Target Market,1.0
2022-07-25,bit.ly/togetherCHI,http://partners.bit.ly/qr,,1.0
2022-07-25,bit.ly/juntosATL,http://partners.bit.ly/qr,HPO Target Market,1.0
2022-07-25,bit.ly/juntosBOS,http://partners.bit.ly/qr,HPO Target Market,1.0
2022-07-25,bit.ly/togetherDEN,http://partners.bit.ly/qr,DV Target Markets,1.0
2022-07-25,bit.ly/juntosBR,http://partners.bit.ly/qr,LRC,1.0
2022-07-25,bit.ly/exploreAoU,http://partners.bit.ly/qr,Researcher,1.0
2022-07-25,bit.ly/AllofUs_MSRS,http://partners.bit.ly/qr,MSRS,1.0
2022-07-25,bit.ly/AHC_PMT,http://partners.bit.ly/qr,NY_PMT,1.0
2022-07-25,bit.ly/ACCESSNY_PMT,http://partners.bit.ly/qr,NY_PMT,1.0
2022-07-25,bit.ly/AACN_PMT,http://partners.bit.ly/qr,pmt / NY_PMT,1.0
2022-07-25,bit.ly/CenterLink_PMT,http://partners.bit.ly/qr,,1.0
2022-07-25,bit.ly/BGLC_PMT,http://partners.bit.ly/qr,pmt / NY_PMT,1.0
2022-07-25,bit.ly/BOS_Provider,http://partners.bit.ly/qr,Provider,1.0
2022-07-25,bit.ly/DTX_Providers,http://partners.bit.ly/qr,,1.0
2022-07-25,bit.ly/EP_Providers,http://partners.bit.ly/qr,Provider,1.0
2022-07-25,bit.ly/CHIProviders,http://partners.bit.ly/qr,,1.0
2022-07-25,bit.ly/DTMProviders,http://partners.bit.ly/qr,Provider,1.0
2022-07-25,bit.ly/DMVProviders,http://partners.bit.ly/qr,Provider,1.0
2022-07-25,bit.ly/HTXProviders,http://partners.bit.ly/qr,Provider,1.0
2022-07-25,bit.ly/cpgiadvocates,http://partners.bit.ly/qr,advocates / Monthly Report,1.0
2022-07-25,bit.ly/houstonadvocates,http://partners.bit.ly/qr,advocates / Monthly Report,1.0
2022-07-25,bit.ly/dmvadvocates,http://partners.bit.ly/qr,advocates / Monthly Report,1.0
2022-07-25,bit.ly/chicagoadvocates,http://partners.bit.ly/qr,Monthly Report / advocates,1.0
2022-07-25,bit.ly/LA-GoldenChange-es,http://partners.bit.ly/qr,LA_PMT,1.0
2022-07-25,bit.ly/LA-DREF,http://partners.bit.ly/qr,LA_PMT,1.0
2022-07-25,bit.ly/LA-SevenStar,http://partners.bit.ly/qr,LA_PMT,1.0
2022-07-25,bit.ly/LA-NOCOA,http://partners.bit.ly/qr,LA_PMT,1.0
2022-07-25,bit.ly/LA-Dillard,http://partners.bit.ly/qr,LA_PMT,1.0
2022-07-25,bit.ly/LA-Delgado,http://partners.bit.ly/qr,LA_PMT,1.0
2022-07-25,bit.ly/LA-SUNO,http://partners.bit.ly/qr,LA_PMT,1.0
2022-07-25,bit.ly/AoUTodosjuntos,http://partners.bit.ly/qr,CPGI Netowrk,1.0
2022-07-25,bit.ly/AoUEats,http://partners.bit.ly/qr,clyde,1.0
2022-07-25,bit.ly/AoU_Eats,http://partners.bit.ly/qr,AoUEats,1.0
2022-07-25,bit.ly/togetherchelsea,http://partners.bit.ly/qr,Influencer / clyde,1.0
2022-07-25,bit.ly/togetherKEAHU,http://partners.bit.ly/qr,clyde / Influencer,1.0
2022-07-25,bit.ly/togetherLisa,http://partners.bit.ly/qr,Influencer / clyde,1.0
2022-07-25,bit.ly/togetherMARSHALL,http://partners.bit.ly/qr,clyde / Influencer,1.0
2022-07-25,bit.ly/togetherMuneera,http://partners.bit.ly/qr,Influencer / clyde,1.0
2022-07-25,bit.ly/togetherPaola,http://partners.bit.ly/qr,Influencer / clyde,1.0
2022-07-25,bit.ly/togetherSWIFT,http://partners.bit.ly/qr,Detroit / clyde / Influencer,1.0
2022-07-26,bit.ly/togetherDMV,http://partners.bit.ly/qr,DV Target Markets,4.0
2022-07-26,bit.ly/togetherDMV,https://nphchq.com/millennium1/,DV Target Markets,1.0
2022-07-26,bit.ly/togetherDMV,https://nphchq.com/,DV Target Markets,1.0
2022-07-26,bit.ly/togetherDMV,direct,DV Target Markets,1.0
2022-07-26,bit.ly/togetherCHI,http://partners.bit.ly/qr,,1.0
2022-07-26,bit.ly/togetherDTX,https://nphchq.com/,HPO Target Market,1.0
2022-07-26,bit.ly/juntosATL,direct,HPO Target Market,1.0
2022-07-26,bit.ly/juntosDMV,http://partners.bit.ly/qr,DV Target Markets,4.0
2022-07-26,bit.ly/exploreAoU,https://www.google.com/,Researcher,1.0
2022-07-26,bit.ly/researchercommunity,https://www.google.com/,Researcher,1.0
2022-07-26,bit.ly/LA-GoldenChange-es,http://partners.bit.ly/qr,LA_PMT,2.0
2022-07-26,bit.ly/togetherAoU,http://partners.bit.ly/qr,,1.0
2022-07-26,bit.ly/togetherMARSHALL,direct,clyde / Influencer,1.0
2022-07-27,bit.ly/togetherDMV,https://nphchq.com/,DV Target Markets,1.0
2022-07-27,bit.ly/togetherDMV,direct,DV Target Markets,1.0
2022-07-27,bit.ly/togetherBOS,direct,HPO Target Market,1.0
2022-07-27,bit.ly/togetherMIA,direct,HPO Target Market,1.0
2022-07-27,bit.ly/togetherDTM,direct,HPO Target Market,1.0
2022-07-27,bit.ly/juntosATL,direct,HPO Target Market,1.0
2022-07-27,bit.ly/juntosBOS,direct,HPO Target Market,1.0
2022-07-27,bit.ly/juntosDTM,direct,HPO Target Market / Detroit,2.0
2022-07-27,bit.ly/juntosMIA,direct,HPO Target Market,1.0
2022-07-27,bit.ly/togetherEP,direct,DV Target Markets,1.0
2022-07-27,bit.ly/togetherHTX,direct,DV Target Markets,1.0
2022-07-27,bit.ly/togetherMS,direct,DV Target Markets,1.0
2022-07-27,bit.ly/juntosDMV,direct,DV Target Markets,1.0
2022-07-27,bit.ly/exploreAoU,direct,Researcher,1.0
2022-07-27,bit.ly/researchercommunity,direct,Researcher,2.0
2022-07-27,bit.ly/AllofUs_MSRS,direct,MSRS,8.0
2022-07-27,bit.ly/ATLProviders,direct,HPO Target Market,1.0
2022-07-27,bit.ly/BOS_Provider,direct,Provider,2.0
2022-07-27,bit.ly/DTX_Providers,direct,,2.0
2022-07-27,bit.ly/CHIProviders,direct,,1.0
2022-07-27,bit.ly/DTMProviders,direct,Provider,2.0
2022-07-27,bit.ly/DMVProviders,direct,Provider,1.0
2022-07-27,bit.ly/HTXProviders,direct,Provider,2.0
2022-07-27,bit.ly/MiamiProviders,direct,Provider,1.0
2022-07-27,bit.ly/cpgiadvocates,direct,advocates / Monthly Report,1.0
2022-07-27,bit.ly/houstonadvocates,direct,advocates / Monthly Report,1.0
2022-07-27,bit.ly/dmvadvocates,direct,advocates / Monthly Report,1.0
2022-07-27,bit.ly/LA-NOCOA,direct,LA_PMT,1.0
2022-07-27,bit.ly/NNLM_MI,direct,Detroit_PMT,1.0
2022-07-27,bit.ly/togetherAoU,direct,,4.0
2022-07-27,bit.ly/AoUTodosjuntos,direct,CPGI Netowrk,1.0
2022-07-27,bit.ly/AoUEats,direct,clyde,1.0
2022-07-27,bit.ly/AllofUsEats,direct,AoUEats,1.0
2022-07-27,bit.ly/AoU_Eats,direct,AoUEats,3.0
2022-07-27,bit.ly/Providers_ATL,direct,Provider,1.0
2022-07-27,bit.ly/togetherchelsea,direct,Influencer / clyde,1.0
2022-07-27,bit.ly/togetherKEAHU,direct,clyde / Influencer,1.0
2022-07-28,bit.ly/togetherDMV,https://nphchq.com/,DV Target Markets,2.0
2022-07-28,bit.ly/togetherDMV,https://nphchq.com/millennium1/,DV Target Markets,1.0
2022-07-28,bit.ly/togetherCHI,http://partners.bit.ly/qr,,2.0
2022-07-28,bit.ly/LA-GoldenChange-es,http://partners.bit.ly/qr,LA_PMT,2.0
2022-07-28,bit.ly/togetherAoU,http://partners.bit.ly/qr,,1.0
2022-07-28,bit.ly/togetherAoU,direct,,1.0
2022-07-28,bit.ly/AoUTodosjuntos,direct,CPGI Netowrk,10.0
2022-07-28,bit.ly/togetherDMV,https://nphchq.com/,DV Target Markets,2.0
2022-07-28,bit.ly/togetherDMV,https://nphchq.com/millennium1/,DV Target Markets,1.0
2022-07-28,bit.ly/togetherCHI,http://partners.bit.ly/qr,,2.0
2022-07-28,bit.ly/LA-GoldenChange-es,http://partners.bit.ly/qr,LA_PMT,2.0
2022-07-28,bit.ly/togetherAoU,http://partners.bit.ly/qr,,1.0
2022-07-28,bit.ly/togetherAoU,direct,,1.0
2022-07-28,bit.ly/AoUTodosjuntos,direct,CPGI Netowrk,10.0
2022-07-30,bit.ly/LA-GoldenChange,http://partners.bit.ly/qr,LA_PMT,8.0
2022-07-30,bit.ly/togetherDMV,https://nphchq.com/,DV Target Markets,1.0
2022-07-30,bit.ly/togetherCHI,http://partners.bit.ly/qr,,1.0
2022-07-30,bit.ly/exploreAoU,http://partners.bit.ly/qr,Researcher,19.0
2022-07-31,bit.ly/LA-GoldenChange-es,http://partners.bit.ly/qr,LA_PMT,2.0
2022-07-31,bit.ly/LA-SevenStar,direct,LA_PMT,5.0
2022-08-01,bit.ly/LA-GoldenChange,http://partners.bit.ly/qr,LA_PMT,2.0
2022-08-01,bit.ly/togetherDMV,https://nphchq.com/,DV Target Markets,1.0
2022-08-01,bit.ly/togetherATL,http://partners.bit.ly/qr,,1.0
2022-08-01,bit.ly/togetherDTX,https://nphchq.com/,HPO Target Market,1.0
2022-08-01,bit.ly/NBNA_PMT,direct,pmt / NY_PMT,1.0
2022-08-01,bit.ly/LA-GoldenChange-es,http://partners.bit.ly/qr,LA_PMT,2.0
2022-08-01,bit.ly/LA-SevenStar,direct,LA_PMT,8.0
2022-08-02,bit.ly/togetherDMV,https://nphchq.com/,DV Target Markets,2.0
2022-08-02,bit.ly/togetherAoU,direct,,1.0
2022-08-03,bit.ly/LA-GoldenChange,http://partners.bit.ly/qr,LA_PMT,6.0
2022-08-03,bit.ly/togetherDMV,https://nphchq.com/,DV Target Markets,1.0
2022-08-03,bit.ly/togetherDTX,https://nphchq.com/,HPO Target Market,1.0
2022-08-03,bit.ly/exploreAoU,direct,Researcher,1.0
2022-08-03,bit.ly/researchercommunity,direct,Researcher,1.0
2022-08-03,bit.ly/LA-GoldenChange-es,http://partners.bit.ly/qr,LA_PMT,4.0
2022-08-04,bit.ly/LA-GoldenChange,http://partners.bit.ly/qr,LA_PMT,1.0
2022-08-04,bit.ly/togetherDMV,https://nphchq.com/,DV Target Markets,1.0
2022-08-04,bit.ly/LA-NORBCC,http://partners.bit.ly/qr,LA_PMT / LRC,1.0
2022-08-05,bit.ly/LA-GoldenChange,http://partners.bit.ly/qr,LA_PMT,1.0
2022-08-05,bit.ly/togetherDMV,https://nphchq.com/,DV Target Markets,1.0
2022-08-05,bit.ly/togetherDMV,http://partners.bit.ly/qr,DV Target Markets,1.0
2022-08-05,bit.ly/AFP-PMT,direct,Detroit_PMT,2.0
2022-08-05,bit.ly/LA-GoldenChange-es,http://partners.bit.ly/qr,LA_PMT,3.0
2022-08-06,bit.ly/LA-GoldenChange,http://partners.bit.ly/qr,LA_PMT,2.0
2022-08-06,bit.ly/togetherDMV,direct,DV Target Markets,1.0
2022-08-06,bit.ly/togetherDTX,https://nphchq.com/,HPO Target Market,1.0
2022-08-06,bit.ly/LA-GoldenChange-es,http://partners.bit.ly/qr,LA_PMT,1.0
